Time,Distance,Speed,Throttle,Brake,RPM,nGear,X,Y,Z
0.0,0.3176116077100237,282.191162417132,100.0,False,11307.167149566472,7,1791.7500907233907,157.97719772990624,249.25496345515262
0.917,74.4686111111111,291.0,100.0,False,11619.0,7,2398.069572223299,-224.13004765553967,250.99849781560675
0.933,75.76593548271947,291.08,100.0,False,11622.52,7,2409.0,-231.0,251.0
1.117,90.69083333333332,292.0,100.0,False,11663.0,7,2535.33270268804,-310.4287807322181,250.98215817594453
1.153,93.61081831751139,292.0,100.0,False,11658.32,7,2560.0,-326.0,251.0
1.313,106.58853192217828,292.0,100.0,False,11637.52,7,2669.0,-395.0,251.0
1.317,106.91305555555553,292.0,100.0,False,11637.0,7,2671.709754800261,-396.709516496627,250.9855719374901
1.473,119.5668206394404,292.0,100.0,False,10954.5,7,2779.0,-464.0,250.0
1.477,119.89083333333332,292.0,100.0,False,10937.0,7,2781.9062053200646,-465.81280490281625,249.98133910207304
1.717,139.29083333333332,291.0,100.0,False,10076.0,7,2971.033657936186,-582.9856456332554,249.9983179390698
1.813,147.05019472511867,291.0,100.0,False,10216.0,7,3041.0,-626.0,250.0
1.957,158.69083333333333,291.0,100.0,False,10426.0,8,3130.9112564938814,-680.8953768185706,249.58808004339485
2.093,169.67904858007,291.0,100.0,False,10387.142857142857,8,3207.0,-727.0,249.0
2.237,181.32416666666666,291.0,100.0,False,10346.0,8,3285.979636908841,-774.6156585655801,248.42482650873757
2.412,195.51441281469778,291.6250002285714,100.0,False,10371.000009142857,8,3430.0,-860.0,248.0
2.517,204.03527777777776,292.0,100.0,False,10386.0,8,3570.584499491509,-942.4769654435455,248.0084608660775
2.572,208.49783470262733,292.0,100.0,False,10386.27500032,8,3640.0,-983.0,248.0
2.717,220.2575,292.0,100.0,False,10387.0,8,3765.981132921804,-1055.6318191080516,247.74184277951133
2.957,239.72416666666663,292.0,100.0,False,10411.0,8,3842.853662458818,-1096.0026282213169,246.66040409336486
3.072,249.11899472106666,292.3593752,100.0,False,10371.1093528,8,3897.0,-1124.0,246.0
3.232,262.16031664162034,292.8593752,100.0,False,10315.6093528,8,4012.0,-1184.0,245.0
3.277,265.7686111111111,293.0,100.0,True,10300.0,8,4057.769189186207,-1207.779930859989,244.74135779871867
3.452,279.5139321191546,282.9999963428571,43.1249792,True,9800.624817371428,8,4253.0,-1309.0,244.0
3.557,287.31305555555554,277.0,9.0,True,9501.0,8,4317.608370735941,-1342.6832826512443,243.93367237419733
3.792,303.09900864093066,246.1562416,2.3906232000000003,True,8774.7029272,8,4392.0,-1382.0,245.0
3.877,308.2019444444444,235.0,0.0,True,8512.0,8,4448.825142051038,-1411.676722064855,245.86342435165102
4.072,318.74829142817924,200.8749888,0.0,True,8225.187405866667,8,4601.0,-1491.0,248.0
4.117,321.06861111111107,193.0,0.0,True,8159.0,8,4624.973535947824,-1503.5388611657768,248.2648201450212
4.277,329.06861111111107,180.0,0.0,True,7922.0,8,4671.104469391674,-1527.8872922941355,248.4250198467351
4.437,336.22416666666663,161.0,0.0,True,8199.0,8,4703.060653953854,-1547.961630727683,248.0630489097777
4.492,338.5102074371956,157.2187456,0.0,True,8224.2656544,8,4723.0,-1561.0,248.0
4.672,345.45923552566035,144.8437456,0.0,True,8306.9531544,8,4808.0,-1618.0,248.0
4.757,348.5797222222222,139.0,0.0,True,8346.0,7,4836.722189599641,-1638.9383966420337,248.08481198075674
4.872,352.6826695701112,133.9687472,0.0,True,8659.7345496,7,4866.0,-1663.0,248.0
5.032,358.1808825211753,126.9687472,0.0,True,9096.2345496,7,4907.0,-1701.0,247.0
5.077,359.69083333333333,125.0,0.0,True,9219.0,4,4917.5735342341895,-1711.8178310212102,246.70855908177828
5.192,363.47790607618316,120.37688333607773,0.0,True,8749.175769028898,4,4942.0,-1739.0,246.0
5.276,366.1583333333333,117.0,0.0,True,8406.0,4,4957.397912776993,-1758.090907153553,245.44087113252397
5.492,372.70428296538984,110.82857142857142,0.0,True,8118.257142857143,4,4989.0,-1816.0,244.0
5.556,374.63611111111106,109.0,0.0,True,8033.0,3,4996.852557704185,-1841.100263825911,243.65726115178177
5.732,379.98621866084864,109.0,0.0,True,7647.5599999999995,3,5013.0,-1914.0,243.0
5.756,380.6916666666666,109.0,0.0,True,7595.0,3,5014.185873054752,-1921.2546034698573,242.95456508210037
6.036,388.3916666666666,99.0,0.0,False,7220.0,3,5010.972680738875,-1967.167723766724,243.0005365826649
6.072,389.356701702467,98.6625,0.0,False,7192.775,3,5009.0,-1974.0,243.0
6.353,396.8453537341971,96.0281256,0.0,False,6980.2687984,3,4982.0,-2050.0,243.0
6.356,396.92499999999995,96.0,0.0,False,6978.0,3,4981.5580285641245,-2050.899576313186,243.0078743624641
6.557,402.22916666666663,95.0,0.0,False,7216.0,3,4946.015431657985,-2110.15245992811,243.89439936401993
6.593,403.1636607458126,94.7,3.45,False,7220.95,3,4940.0,-2119.0,244.0
6.797,408.4291666666666,93.0,23.0,False,7249.0,3,4912.699474564453,-2154.3602829091906,243.90929947024642
6.973,413.14989574696426,95.93333333333334,34.733333333333334,False,7369.266666666666,3,4888.0,-2181.0,244.0
7.037,414.8958333333333,97.0,39.0,False,7413.0,3,4876.654254513831,-2193.089737683347,244.29570323257076
7.173,418.63890205395717,98.5111111111111,46.17777777777778,False,7726.933333333333,3,4850.0,-2221.0,245.0
7.333,423.1390026280576,100.28888888888889,54.62222222222222,False,8096.266666666666,3,4819.0,-2252.0,245.0
7.397,424.99583333333334,101.0,58.0,False,8244.0,3,4806.97098825781,-2263.8793532305367,244.95529938472936
7.573,430.29126721330925,107.6,65.33333333333333,False,8766.133333333333,3,4768.0,-2302.0,245.0
7.637,432.32916666666665,110.0,68.0,False,8956.0,3,4747.240035095639,-2322.141527880123,245.1567755476221
7.873,440.4510273704015,123.76666666666667,83.73333333333333,False,9751.516666666666,3,4661.0,-2406.0,246.0
7.877,440.5958333333333,124.0,84.0,False,9765.0,3,4659.95495309419,-2407.036539315244,246.0077861723389
8.077,448.0958333333333,135.0,83.0,False,10354.0,3,4629.835802975923,-2438.458404891227,246.0348590960856
8.213,453.4230845198558,138.06,71.78,False,9922.88,3,4610.0,-2462.0,246.0
8.413,461.49569556076995,142.56,55.28,False,9288.88,3,4560.0,-2524.0,246.0
8.477,464.0958333333333,144.0,50.0,False,9086.0,3,4543.398862672192,-2547.713461680085,245.73465586645585
8.733,474.57832654956366,147.2,55.6,False,9503.6,3,4485.0,-2647.0,244.0
8.797,477.25138888888887,148.0,57.0,False,9608.0,4,4474.465984942143,-2668.251467241367,243.8576938652397
8.992,485.5396377237691,152.06250133333333,61.06250133333333,False,9857.437581866667,4,4450.0,-2730.0,244.0
9.037,487.45138888888886,153.0,62.0,False,9915.0,4,4444.726584078088,-2746.598702727703,244.0207523186811
9.197,494.2513888888888,153.0,69.0,False,10059.0,4,4427.357590251334,-2813.0223426705193,244.01046967510973
9.252,496.65429958669824,154.964288,71.1607168,False,10126.767936,4,4423.0,-2837.0,244.0
9.452,505.75314844085386,162.10714514285715,79.01785965714285,False,10373.19650742857,4,4415.0,-2925.0,244.0
9.477,506.9291666666666,163.0,80.0,False,10404.0,4,4414.621826763153,-2935.469672587463,244.015241712884
9.732,519.3975184277264,173.62500266666666,94.16667022222222,False,10979.166811022222,4,4414.0,-3059.0,244.0
9.837,524.7291666666666,178.0,100.0,False,11216.0,4,4411.567079912878,-3147.867469121246,243.4407703516419
9.912,528.5963724283081,181.12500266666666,100.0,False,11422.250176,4,4409.0,-3209.0,243.0
10.077,537.2624999999999,188.0,100.0,False,11876.0,4,4401.571627087138,-3295.389346068093,242.34842890866074
10.277,548.0402777777776,194.0,100.0,False,12342.0,4,4387.497319924985,-3346.2240883162112,242.05081301070985
10.372,553.3136367851268,197.05357348571428,96.60714057142857,False,11873.446112914286,4,4377.0,-3386.0,242.0
10.492,560.1102289976353,200.91071634285714,92.32142628571428,False,11281.588970057142,4,4360.0,-3451.0,242.0
10.557,563.8291666666667,203.0,90.0,False,10961.0,5,4348.93255634867,-3485.71797364744,242.00746812364594
10.672,570.4678732806062,206.45000192,89.42499968,False,11100.15007744,5,4326.0,-3545.0,242.0
10.757,575.4402777777777,209.0,89.0,False,11203.0,5,4306.1691111765085,-3589.068383425635,241.94751665675616
10.852,581.0770613331503,211.0781264,90.1875008,False,11348.468848,5,4281.0,-3638.0,242.0
11.077,594.6402777777778,216.0,93.0,False,11693.0,5,4208.266710842434,-3749.21272552821,243.2671659278798
11.192,601.58589878456,217.4375008,91.5624992,False,11795.0625568,5,4164.0,-3802.0,244.0
11.237,604.3291666666667,218.0,91.0,False,11835.0,5,4145.376512554647,-3821.727913937478,244.2381671548702
11.392,613.9468641763594,221.8750016,93.21428662857143,False,12012.142930285714,5,4076.0,-3886.0,245.0
11.517,621.8291666666667,225.0,95.0,False,12155.0,5,4014.7496802754818,-3934.3819825046467,245.87466090952591
11.532,622.7793935862526,225.26785828571428,95.26785828571428,False,12149.910692571428,5,4007.0,-3940.0,246.0
11.732,635.537401364995,228.83928685714287,98.83928685714285,False,12082.053549714286,5,3899.0,-4010.0,248.0
11.797,639.7180555555556,230.0,100.0,False,12060.0,5,3866.3139613600847,-4029.596303989453,248.67045792118836
12.012,653.6661413583488,232.9944293268984,100.0,False,11393.440031832417,5,3738.0,-4095.0,251.0
12.156,663.1527777777778,235.0,100.0,False,10947.0,6,3594.1185254206266,-4155.233943155619,252.82263140378635
12.172,664.2155520588807,235.48,100.0,False,10960.6,6,3580.0,-4161.0,253.0
12.356,676.5416666666666,241.0,100.0,False,11117.0,6,3475.8960088714775,-4202.416982936788,254.4315359550804
12.596,692.8083333333333,244.0,100.0,False,11421.0,6,3372.7658607949184,-4225.569432520413,255.85372254833814
12.612,693.9061194691067,244.4,100.0,False,11424.266666666666,6,3360.0,-4228.0,256.0
12.813,707.8603684357169,249.4249984,100.0,False,11465.3041536,6,3165.0,-4263.0,258.0
12.836,709.4749999999999,250.0,100.0,False,11470.0,6,3147.1823766365433,-4265.91738290455,258.1334173384415
13.153,732.0158278504048,255.9252336299531,100.0,False,11749.473519546122,6,2997.0,-4279.0,258.0
13.157,732.3016666666665,256.0,100.0,False,11753.0,6,2994.5628729563086,-4279.062504613834,257.99820079836934
13.353,746.3259828421233,257.4,100.0,False,11838.4,6,2853.0,-4281.0,258.0
13.437,752.3683333333331,258.0,100.0,False,11875.0,6,2799.8782007738278,-4280.142228312363,257.7856706447854
13.573,762.2164211014621,260.55,100.0,False,11756.0,6,2709.0,-4273.0,257.0
13.597,763.9683333333331,261.0,100.0,False,11735.0,6,2688.3624899414017,-4270.422362630575,256.79333619658206
13.853,782.9302352073857,265.8,100.0,False,10972.6,6,2433.0,-4228.0,254.0
13.917,787.7016666666665,267.0,100.0,False,10782.0,7,2391.247241938837,-4219.155079867271,253.54042671001145
14.077,799.657222222222,269.0,100.0,False,10817.0,7,2328.299388764659,-4200.110671189876,252.75401543402984
14.153,805.384960055876,269.95,100.0,False,10858.8,7,2290.0,-4186.0,252.0
14.353,820.6191152072552,272.45,100.0,False,10968.8,7,2149.0,-4131.0,249.0
14.477,830.1016666666665,274.0,100.0,False,11037.0,7,2065.3972462350425,-4093.8081863766797,248.18748741619873
14.553,835.9167907565129,274.95,100.0,False,11067.4,7,2010.0,-4066.0,248.0
14.637,842.3683333333331,276.0,100.0,False,11101.0,7,1939.857925224814,-4027.9294561504958,247.91785416151163
14.893,862.2781187240155,279.65714285714284,100.0,False,11205.228571428572,7,1714.0,-3895.0,248.0
14.917,864.1461111111108,280.0,100.0,False,11215.0,7,1697.885304231258,-3885.251206799925,247.970659130723
15.077,876.5905555555553,280.0,100.0,False,11246.0,7,1617.415890543147,-3835.362496707233,247.56258176577836
15.273,891.9712525480728,281.8375,100.0,False,11306.025,7,1528.0,-3778.0,247.0
15.397,901.7461111111108,283.0,100.0,False,11344.0,7,1447.7808924752744,-3726.9527953814086,246.84511327196336
15.492,909.2399878821316,283.47500032,100.0,False,11353.5000064,7,1382.0,-3685.0,247.0
15.597,917.5238888888886,284.0,100.0,False,11364.0,7,1311.5120141922562,-3639.76587099766,247.57676798243477
15.652,921.8617906196,284.0,100.0,False,11374.45001216,7,1276.0,-3617.0,248.0
15.797,933.3016666666664,284.0,100.0,False,11402.0,7,1186.4522153199716,-3559.9586221552677,249.37963361971782
15.872,939.2286008470969,284.3125002666667,100.0,False,11410.125006933333,7,1130.0,-3524.0,250.0
16.037,952.3016666666663,285.0,100.0,False,11428.0,7,962.4511351231905,-3416.93928625812,250.76047195494613
16.172,963.0465624997344,285.7500003555555,100.0,False,11451.6250112,7,836.0,-3336.0,251.0
16.397,981.0016666666662,287.0,100.0,False,11491.0,7,737.5247528314216,-3272.767376439744,251.0344484617393
16.557,993.7572222222218,287.0,100.0,False,11501.0,7,670.2539857612196,-3229.8770794855545,250.99798780527442
16.572,994.9549707999971,287.0625002666667,100.0,False,11502.062504533333,7,661.0,-3224.0,251.0
16.632,999.7507119811964,287.3125002666667,100.0,False,11506.312504533333,7,620.0,-3198.0,251.0
16.797,1012.957222222222,288.0,100.0,False,11518.0,7,506.6907741560205,-3126.8277959822326,250.41625232216762
16.932,1023.7541739935741,288.0,100.0,False,11539.09376,7,416.0,-3072.0,250.0
16.957,1025.757222222222,288.0,100.0,False,11543.0,7,399.35655585371444,-3062.2641915013864,249.99141943197213
17.092,1036.6043144193857,288.5625002666667,100.0,False,11571.125013333334,7,305.0,-3009.0,250.0
17.197,1045.0238888888887,289.0,100.0,False,11593.0,7,213.65180338126908,-2959.689262257667,249.31372767066895
17.412,1062.0703073222908,285.4166656,80.2916608,False,11214.0623872,7,22.0,-2859.0,247.0
17.437,1064.023888888889,285.0,78.0,True,11170.0,7,5.950582414352528,-2850.6198137417464,246.82512049698798
17.672,1081.9855959842487,275.20833066666665,1.6249791999999985,True,10783.229061333333,7,-101.0,-2799.0,246.0
17.677,1082.3572222222222,275.0,0.0,True,10775.0,7,-103.4081165690764,-2798.0527228524247,245.98645724435718
18.397,1131.957222222222,248.0,0.0,False,11120.0,6,-602.6309840249238,-2685.287105350152,243.52807430497316
18.492,1138.3083885881897,245.27598445282078,14.641583566088359,False,11058.028646301673,6,-664.0,-2682.0,243.0
18.672,1150.2923227024996,240.11469531419175,42.38351268621931,False,10940.609318397863,6,-785.0,-2690.0,242.0
18.676,1150.557222222222,240.0,43.0,False,10938.0,6,-788.6589761128456,-2690.6094404652736,241.9871444516338
18.852,1162.1490801327595,238.53333333333333,58.15555555555555,False,10962.444444444445,6,-975.0,-2731.0,242.0
19.036,1174.2572222222223,237.0,74.0,False,10988.0,6,-1057.107000789915,-2756.0317555764996,243.26608216278976
19.192,1184.6130821791426,238.95,99.35,False,10991.9,6,-1109.0,-2786.0,245.0
19.196,1184.8794444444445,239.0,100.0,False,10992.0,6,-1111.1304247625021,-2787.1795092047546,245.04879057794773
19.353,1195.362651279519,239.4906248,100.0,False,10882.1000448,6,-1216.0,-2845.0,247.0
19.516,1206.2127777777775,240.0,100.0,True,10768.0,6,-1316.5364941702405,-2905.0289514891992,248.41957327374956
19.713,1219.1223107722587,235.91286331295956,23.979257621047665,True,10629.854779978034,6,-1423.0,-2969.0,250.0
19.757,1221.9447222222223,235.0,7.0,True,10599.0,6,-1446.1952522902563,-2981.5532390308067,250.484092486686
19.893,1230.495473839531,228.2,2.2399999999999993,True,10295.72,6,-1516.0,-3016.0,252.0
19.957,1234.4447222222223,225.0,0.0,True,10153.0,6,-1547.313253162583,-3029.618059572172,252.45544635815406
20.073,1241.4973999950482,221.7375,0.0,True,9988.425,6,-1605.0,-3051.0,253.0
20.273,1253.408382600959,216.1125,0.0,True,9704.675,6,-1720.0,-3081.0,254.0
20.277,1253.6447222222223,216.0,0.0,False,9699.0,6,-1722.3249542484805,-3081.440903384576,254.02103000078566
20.477,1265.3669444444445,211.0,0.0,False,9643.0,6,-1836.832141770704,-3094.590228730632,254.96544881111834
20.493,1266.295550920693,210.77142857142857,2.857142857142857,False,9636.314285714287,6,-1846.0,-3095.0,255.0
20.653,1275.5064896097394,208.4857142857143,31.42857142857143,False,9569.457142857143,6,-1938.0,-3094.0,255.0
20.757,1281.4669444444446,207.0,50.0,False,9526.0,6,-1997.1421109455846,-3087.537281745642,254.97730382149388
20.873,1288.1170894837974,207.0,57.457142857142856,False,9512.742857142857,6,-2062.0,-3075.0,255.0
21.037,1297.5669444444445,207.0,68.0,False,9494.0,6,-2151.4134215104323,-3048.060473681698,255.07200881709912
21.093,1300.8221419884326,208.05,72.9,False,9598.65,6,-2182.0,-3036.0,255.0
21.197,1306.9002777777778,210.0,82.0,False,9793.0,6,-2239.38133914477,-3009.443259169835,254.65494407106365
21.313,1313.717885062909,211.45,83.45,False,9875.65,6,-2299.0,-2978.0,254.0
21.357,1316.3225,212.0,84.0,False,9907.0,6,-2318.7983976651494,-2966.959262807821,253.6935382553392
21.533,1326.868967078896,214.75,92.8,False,10019.75,6,-2412.0,-2906.0,252.0
21.673,1335.3675627923537,216.9375,99.8,False,10109.4375,6,-2549.0,-2804.0,250.0
21.677,1335.611388888889,217.0,100.0,False,10112.0,6,-2552.406730316517,-2801.3721619140597,249.94998117049073
21.837,1345.4336111111113,221.0,100.0,False,10189.0,6,-2640.9461022242835,-2727.5403535958526,248.55100046154539
22.072,1360.2710269197528,225.40625119999999,98.5312496,False,10156.6874912,6,-2700.0,-2668.0,248.0
22.157,1365.611388888889,227.0,98.0,False,10145.0,6,-2737.64035197275,-2637.389996907932,248.0044883445801
22.292,1373.9682645285377,223.6249984,32.524968959999995,False,10009.999936,6,-2809.0,-2586.0,248.0
22.357,1377.9447222222223,222.0,1.0,False,9945.0,6,-2843.8847594287076,-2564.879680341387,247.85429298616975
22.552,1389.7025406237017,217.1249984,0.02499967999999997,False,9702.22492032,6,-2948.0,-2514.0,247.0
22.557,1390.0002777777777,217.0,0.0,False,9696.0,6,-2950.5970931412535,-2512.8617978355246,246.9753054597383
22.772,1402.6185073864578,213.57954443636365,20.03409687272727,False,9701.863638109091,6,-3073.0,-2471.0,246.0
22.997,1415.6669444444444,210.0,41.0,False,9708.0,6,-3278.189182462982,-2442.527249033002,245.94506388374072
23.052,1418.869531871277,210.0,44.437504,False,9699.40624,6,-3315.0,-2439.0,246.0
23.317,1434.3336111111112,210.0,61.0,False,9658.0,6,-3389.8040544629357,-2442.0902412544865,246.05109737269365
23.332,1435.2071623159416,210.0,61.437501866666665,False,9662.000017066666,6,-3396.0,-2443.0,246.0
23.512,1445.689783980514,210.0,66.68750186666666,False,9710.000017066666,6,-3501.0,-2458.0,245.0
23.557,1448.3336111111112,210.0,68.0,False,9722.0,6,-3526.182583505024,-2462.2035319458464,244.80783024416888
23.757,1460.2225000000003,214.0,79.0,False,9619.0,6,-3625.9776894686574,-2485.4049500325577,244.38337471563662
23.852,1465.9008676053086,214.95000064,88.97500672,False,9782.40011008,6,-3697.0,-2510.0,244.0
23.957,1472.2225000000003,216.0,100.0,False,9963.0,6,-3801.409545911476,-2550.2836245312938,243.32051482310263
24.012,1475.5676169719804,216.91666773333333,100.0,False,9978.354184533333,6,-3854.0,-2572.0,243.0
24.197,1486.8891666666668,220.0,100.0,True,10030.0,6,-3978.0310168467413,-2632.253260862771,242.56560462115
24.437,1501.2225000000003,215.0,9.0,True,9660.0,6,-4054.881470781068,-2691.5821579853205,242.93725099316467
24.512,1505.5337516130835,211.2499968,5.62499712,True,9478.49984512,6,-4078.0,-2711.0,243.0
24.637,1512.6113888888892,205.0,0.0,True,9176.0,6,-4117.287120164394,-2744.7729964374116,243.0232845685008
24.772,1520.2903235598621,203.3124992,0.0,True,8953.2498944,6,-4162.0,-2787.0,243.0
24.877,1526.0780555555557,202.0,0.0,True,8780.0,6,-4199.358114170747,-2826.8853968830736,242.997847085275
25.032,1534.055741641949,189.083328,0.0,True,8670.208288,6,-4254.0,-2893.0,243.0
25.117,1538.2113888888891,182.0,0.0,True,8610.0,6,-4280.553173723949,-2930.174493217626,242.99005661173845
25.272,1545.47124057243,175.00751703137573,0.0,True,8525.701733100474,6,-4323.0,-3000.0,243.0
25.512,1556.2098216742875,164.180451098875,0.0,True,8395.175438247548,6,-4374.0,-3112.0,243.0
25.516,1556.3880555555556,164.0,0.0,True,8393.0,5,-4374.652591365931,-3113.772497258423,242.98853531687556
25.676,1563.4547222222222,159.0,0.0,True,9093.0,5,-4395.335141655083,-3181.570866927156,242.1968418085334
25.732,1565.845334153329,156.2,0.0,True,9110.5,5,-4401.0,-3206.0,242.0
25.836,1570.1658333333335,151.0,0.0,True,9143.0,5,-4410.087845133918,-3254.0155577774794,241.9300642793396
25.933,1574.0891682434742,147.60500224,0.0,True,9038.24006912,5,-4416.0,-3298.0,242.0
26.036,1578.1658333333335,144.0,0.0,True,8927.0,4,-4418.707680579925,-3340.0387423375055,242.00876834693142
26.113,1581.1685396282473,142.08457809658208,0.0,True,8809.393095130139,4,-4419.0,-3370.0,242.0
26.237,1585.9266666666667,139.0,0.0,True,8620.0,4,-4417.308402136879,-3417.9703130575886,241.99864738257793
26.313,1588.7985763332613,137.41666666666666,0.0,True,8525.95,4,-4415.0,-3447.0,242.0
26.473,1594.7148991047864,134.08333333333334,0.0,True,8327.95,4,-4407.0,-3506.0,242.0
26.477,1594.8600000000001,134.0,0.0,True,8323.0,4,-4406.741628355407,-3507.387699092656,242.0000419005761
26.713,1603.2051618701435,128.1,0.0,True,7818.128571428571,4,-4386.0,-3583.0,242.0
26.757,1604.7377777777779,127.0,0.0,True,7724.0,4,-4380.788307773661,-3597.1686588643533,241.99507984789335
26.853,1608.0704596740904,126.12727272727273,0.0,True,7649.6,4,-4368.0,-3628.0,242.0
27.073,1615.6279406023834,124.12727272727273,0.0,True,7479.1,4,-4332.0,-3692.0,242.0
27.197,1619.7711111111112,123.0,0.0,False,7383.0,4,-4306.8840942903,-3724.4722507482943,241.33856865239576
27.273,1622.2616068323496,121.67,6.84,False,7388.89,4,-4290.0,-3743.0,241.0
27.473,1628.6666227936153,118.17,24.84,False,7404.39,4,-4242.0,-3786.0,241.0
27.597,1632.66,116.0,36.0,False,7414.0,4,-4212.598800363285,-3807.406119737945,240.96035333358634
27.733,1637.1073779263845,117.7,42.8,False,7716.6,4,-4170.0,-3829.0,241.0
27.757,1637.9044444444446,118.0,44.0,False,7770.0,4,-4160.025439116847,-3832.9558408401617,241.0466106486141
27.917,1643.3266666666668,122.0,52.0,False,7961.0,4,-4077.2572275861135,-3859.8685213246063,241.63364446694945
28.013,1646.6626900078265,124.4,56.32,False,8181.8,4,-4034.0,-3872.0,242.0
28.117,1650.3822222222223,127.0,61.0,False,8421.0,4,-4001.732078313834,-3879.692798663821,242.30946476135583
28.393,1660.92030122216,136.4875,76.525,False,8947.125,4,-3946.0,-3884.0,243.0
28.437,1662.648888888889,138.0,79.0,False,9031.0,4,-3931.3824230911523,-3885.06108009124,243.16171475572517
28.597,1668.96,142.0,97.0,False,9618.0,4,-3866.579080284911,-3889.657980325905,243.90870151528614
28.613,1669.5831404712362,142.0,96.9,False,9649.0,4,-3860.0,-3890.0,244.0
28.757,1675.2711111111112,142.0,96.0,False,9928.0,4,-3801.2818041042024,-3891.8780781275905,244.91187315985312
28.772,1675.907835721185,143.875008,96.3750016,False,9976.1877056,4,-3795.0,-3892.0,245.0
28.917,1682.4711111111112,162.0,100.0,False,10442.0,4,-3731.7445864254314,-3892.7599135435985,245.7247655442019
28.972,1685.017901525412,163.5714304,100.0,False,10555.7322752,4,-3707.0,-3893.0,246.0
29.152,1693.4987795525628,168.71428754285714,100.0,False,10927.946560914286,4,-3624.0,-3894.0,247.0
29.197,1695.6933333333334,170.0,100.0,False,11021.0,4,-3602.6313895368307,-3894.3380954156214,247.24066296982028
29.352,1703.5140219488533,177.7500032,100.0,False,11540.803786057142,4,-3527.0,-3896.0,248.0
29.477,1710.0044444444445,184.0,100.0,False,11960.0,4,-3463.7220449008173,-3898.3071450417815,248.5173285687126
29.637,1718.4488888888889,190.0,100.0,False,12224.0,4,-3380.3996412795564,-3902.755751033334,248.96072624652768
29.672,1720.3301886764048,191.22500224,100.0,False,12183.39992576,4,-3362.0,-3904.0,249.0
29.812,1727.997955300754,196.12500224000001,100.0,False,12020.99992576,4,-3288.0,-3910.0,249.0
29.837,1729.3933333333332,197.0,100.0,False,11992.0,4,-3274.806653537459,-3911.2629682797115,249.00116510666606
30.032,1740.5432141471279,203.964288,100.0,False,11211.999744,4,-3166.0,-3924.0,249.0
30.117,1745.4933333333333,207.0,100.0,False,10872.0,5,-3107.8721413554254,-3932.0991651708746,248.8486704091925
30.357,1759.6933333333332,213.0,100.0,False,11199.0,5,-2932.777058737962,-3958.650231888249,248.0475712037272
30.372,1760.5990633255797,213.41250176,100.0,False,11225.96261504,5,-2924.0,-3960.0,248.0
30.692,1780.461710396627,222.21250176,100.0,False,11801.16261504,5,-2780.0,-3983.0,247.0
30.757,1784.582222222222,224.0,100.0,False,11918.0,5,-2742.9584124351095,-3989.4083498782693,246.70554728078298
30.892,1793.211065748089,227.3750016,100.0,False,11357.7497344,5,-2657.0,-4005.0,246.0
31.077,1805.2044444444443,232.0,100.0,False,10590.0,6,-2542.038892800249,-4028.353965060115,245.08175628530225
31.112,1807.4976226049153,232.8750016,100.0,False,10630.500074057143,6,-2520.0,-4033.0,245.0
31.272,1818.08311244425,236.8750016,100.0,False,10815.6429312,6,-2417.0,-4055.0,245.0
31.357,1823.793333333333,239.0,100.0,False,10914.0,6,-2361.83334143428,-4066.913829681977,244.90663526203042
31.832,1856.801919030712,247.90625119999999,100.0,False,11366.734436,6,-2047.0,-4126.0,244.0
31.997,1868.4155555555553,251.0,100.0,False,11524.0,6,-1932.3545083936156,-4136.315120234147,244.91850158458695
32.012,1869.4707780582758,251.18828527175626,100.0,False,11534.669498732854,6,-1922.0,-4137.0,245.0
32.236,1885.278333333333,254.0,100.0,False,11694.0,6,-1769.3517301620523,-4142.696368548417,245.84121889374129
32.352,1893.6001464916956,256.48571428571427,100.0,False,11736.671428571428,6,-1683.0,-4143.0,246.0
32.513,1905.2821332038438,259.9357129142857,100.0,False,11795.896405028572,6,-1553.0,-4141.0,246.0
32.516,1905.5005555555554,260.0,100.0,False,11797.0,6,-1550.68516199054,-4140.9381679020125,246.0018550383762
32.713,1919.9004011380594,262.18282516260615,100.0,False,11198.905905445923,6,-1409.0,-4135.0,246.0
32.853,1930.2021673252902,263.7340719750155,100.0,False,10773.864278845746,6,-1306.0,-4129.0,245.0
32.877,1931.973888888889,264.0,100.0,False,10701.0,7,-1288.217210197592,-4128.050169069864,244.89788191792974
33.053,1945.0198732777278,266.64,100.0,False,10744.12,7,-1159.0,-4122.0,245.0
33.077,1946.807222222222,267.0,100.0,False,10750.0,7,-1141.8827567927326,-4121.188250685909,245.06122073134915
33.317,1964.8072222222222,270.0,100.0,False,10862.0,7,-975.6223779292988,-4113.097117155292,245.88468800003898
33.393,1970.5638968207918,271.26666666666665,100.0,False,10890.5,7,-920.0,-4111.0,246.0
33.557,1983.073888888889,274.0,100.0,False,10952.0,7,-792.5261006386706,-4107.525580418468,245.89040828033387
33.633,1988.9045450937879,274.8142857142857,100.0,False,10997.057142857142,7,-737.0,-4106.0,246.0
33.813,2002.7696190125414,276.74285714285713,100.0,False,11103.771428571428,7,-600.0,-4102.0,247.0
33.837,2004.6183333333336,277.0,100.0,False,11118.0,7,-571.842594131466,-4101.438587517807,247.14612140099126
33.993,2016.6342866133355,277.65,100.0,False,11168.7,7,-352.0,-4098.0,248.0
34.077,2023.1516666666664,278.0,100.0,False,11196.0,7,-265.57536761904885,-4096.80976590474,248.34474804914998
34.317,2042.0183333333332,283.0,100.0,False,11298.0,7,-163.73960798866446,-4095.9311710810175,248.87569455959215
34.473,2054.312596515974,283.78,100.0,False,11358.06,7,-86.0,-4095.0,249.0
34.517,2057.7961111111113,284.0,100.0,False,11375.0,7,-55.34714117358668,-4094.554072570805,249.0114187458177
34.653,2068.6284809557446,286.04,100.0,False,11417.84,7,55.0,-4093.0,249.0
34.717,2073.740555555555,287.0,100.0,False,11438.0,7,106.9815571260815,-4092.4889945814434,248.98800608076596
34.873,2086.2067861340274,287.4875,100.0,False,11489.1875,7,230.0,-4091.0,249.0
34.973,2094.2092121673645,287.8,100.0,False,11522.0,7,310.0,-4089.0,249.0
35.037,2099.340555555555,288.0,100.0,False,11543.0,7,377.7227947427387,-4088.2669761766556,248.66956752190436
35.212,2113.41067964507,289.0937504,100.0,False,11596.5937696,7,598.0,-4089.0,247.0
35.357,2125.118333333333,290.0,100.0,False,11641.0,7,733.5854652758978,-4092.1192102832483,246.37053414337726
35.557,2141.3405555555555,292.0,100.0,False,11669.0,7,853.8983841094744,-4100.685830029737,246.64255348930558
35.692,2152.314016513347,292.3750001777778,100.0,False,11590.249962666667,7,934.0,-4111.0,247.0
35.917,2170.6405555555552,293.0,100.0,False,11459.0,7,1079.8801913933605,-4136.92143080794,247.6980480016022
36.052,2181.663455899805,293.8437504,100.0,False,10513.999552,7,1172.0,-4158.0,248.0
36.077,2183.707222222222,294.0,100.0,False,10339.0,8,1189.274767772831,-4162.374647703534,248.03609108907153
36.272,2199.678597298428,294.8125002666667,100.0,False,10456.0000384,8,1347.0,-4209.0,248.0
36.317,2203.373888888889,295.0,100.0,False,10483.0,8,1399.5807111835366,-4226.654331418443,247.85891368134315
36.512,2219.4333147742327,295.97500032,100.0,False,10516.63751104,8,1645.0,-4313.0,247.0
36.717,2236.373888888889,297.0,100.0,False,10552.0,8,1722.9678301168244,-4340.995628189653,246.96872031011065
36.792,2242.5800185393655,297.37500032,100.0,False,10566.25001216,8,1754.0,-4352.0,247.0
36.917,2252.9294444444445,298.0,100.0,False,10590.0,8,1844.7547363170913,-4383.803401021882,246.97033662871007
36.972,2257.483240637287,298.0,100.0,False,10591.3750016,8,1895.0,-4401.0,247.0
37.197,2276.1072222222224,298.0,100.0,False,10597.0,8,2138.0892916688044,-4480.980525126645,247.64389357914138
37.292,2283.9638987762783,298.0,100.0,False,10610.722231466667,8,2225.0,-4509.0,248.0
37.557,2305.907222222222,298.0,100.0,False,10649.0,8,2370.748540506081,-4554.594575689432,248.87661542601583
37.632,2312.14818428555,298.75000064,100.0,False,10647.49999872,8,2416.0,-4568.0,249.0
37.757,2322.5738888888886,300.0,100.0,False,10645.0,8,2511.3726884460793,-4595.777789748117,249.0332944216483
37.872,2332.177754258758,300.3593752,100.0,False,10656.1406312,8,2608.0,-4623.0,249.0
38.077,2349.329444444444,301.0,100.0,False,10676.0,8,2773.1315516828354,-4666.0917865896035,249.00853941578555
38.092,2350.586340707773,301.05357165714287,100.0,False,10678.357152914286,8,2785.0,-4669.0,249.0
38.357,2372.818333333333,302.0,100.0,False,10720.0,8,2997.1976604304373,-4715.805745982713,248.3708264468881
38.412,2377.430957476726,302.0,100.0,False,10731.0000128,8,3047.0,-4725.0,248.0
38.632,2395.8869839476,302.0,100.0,False,10775.0000128,8,3262.0,-4759.0,246.0
38.637,2396.307222222222,302.0,100.0,False,10776.0,8,3266.4690383790844,-4759.614946851453,245.97327290463087
38.836,2413.0563888888887,303.0,100.0,False,10770.0,8,3418.4951346650173,-4776.799741404491,246.00639785017245
38.992,2426.1826257460643,303.0,100.0,False,10780.92,8,3529.0,-4785.0,246.0
39.036,2429.889722222222,303.0,100.0,False,10784.0,8,3562.105809393869,-4787.058255255493,245.80238976358893
39.173,2441.4554318852643,303.5708330666667,100.0,False,10794.845828266667,8,3680.0,-4792.0,245.0
39.276,2450.156388888889,304.0,100.0,False,10803.0,8,3800.456494534905,-4792.886960267975,244.87491480829323
39.433,2463.4097424132115,304.0,100.0,False,10798.313433254028,8,3984.0,-4791.0,245.0
39.477,2467.129722222222,304.0,100.0,False,10797.0,8,4019.0246641630956,-4790.263463206319,244.92867875242897
39.637,2480.6852777777776,305.0,100.0,False,10804.0,8,4095.191298727809,-4786.702709777728,244.31342594514405
39.713,2487.126243644843,305.0,100.0,False,10812.17,8,4136.0,-4784.0,244.0
39.973,2509.153730553923,305.0,100.0,False,10840.12,8,4343.0,-4769.0,243.0
40.037,2514.5741666666663,305.0,100.0,False,10847.0,8,4397.359961262413,-4764.064400281477,242.6569303076354
40.173,2526.090586222387,305.0,100.0,False,10876.466666666667,8,4512.0,-4752.0,242.0
40.277,2534.9075,305.0,100.0,False,10899.0,8,4599.07484006126,-4741.323996914804,241.92639671738033
40.333,2539.662227526329,305.35,100.0,False,10903.2,8,4646.0,-4735.0,242.0
40.437,2548.5074999999997,306.0,100.0,False,10911.0,8,4733.515799421178,-4722.120767877205,242.28726138723368
40.593,2561.815737616147,306.65,100.0,False,10914.9,8,4865.0,-4700.0,243.0
40.677,2568.9741666666664,307.0,100.0,False,10917.0,8,4935.4391270531005,-4686.671756748508,243.46644190823977
40.837,2582.5741666666668,306.0,100.0,False,10905.0,8,5068.7483942546,-4658.1332147199855,244.79809537215496
40.853,2583.935620913135,306.0571428571429,100.0,False,10905.914285714285,8,5082.0,-4655.0,245.0
41.053,2600.991597292242,306.77142857142854,100.0,False,10917.342857142858,8,5247.0,-4612.0,248.0
41.117,2606.451944444444,307.0,100.0,False,10921.0,8,5300.140062190583,-4597.280459609403,248.5102891782453
41.213,2614.639060942671,307.0,100.0,False,10938.4,8,5378.0,-4575.0,249.0
41.277,2620.0963888888887,307.0,100.0,False,10950.0,8,5426.55574685503,-4560.475138909236,249.43476598329585
41.473,2636.810833823458,307.0,100.0,False,10911.78,8,5590.0,-4508.0,251.0
41.477,2637.151944444444,307.0,100.0,False,10911.0,8,5594.403969256175,-4506.547819550044,251.02643582516663
41.717,2657.6186111111106,307.0,100.0,False,10922.0,8,5898.285301741322,-4404.966954323833,251.99254211872213
41.733,2658.9831757006095,307.0,100.0,False,10923.418181818182,8,5913.0,-4400.0,252.0
42.052,2686.1906508300085,307.0,100.0,False,10951.69318749091,8,6058.0,-4350.0,251.0
42.157,2695.1408333333325,307.0,100.0,False,10961.0,8,6148.518873220199,-4319.2258356042385,250.7077616296518
42.392,2715.1654175480535,307.0,100.0,False,10943.3749952,8,6398.0,-4235.0,250.0
42.477,2722.4297222222212,307.0,100.0,False,10937.0,8,6454.103115612348,-4216.173430358472,249.49387494769726
42.652,2737.442573503851,308.25000045714285,100.0,False,10965.125010285714,8,6544.0,-4186.0,248.0
42.757,2746.4630555555545,309.0,100.0,False,10982.0,8,6621.824024887388,-4159.547249121396,246.8157875063382
42.912,2759.7729774839295,309.0,100.0,False,10982.0,8,6755.0,-4114.0,245.0
42.997,2767.063055555555,309.0,100.0,False,10982.0,8,6824.802892280828,-4090.012074473552,244.19226332106044
43.152,2780.3334255553764,308.61249984,100.0,False,10956.42498944,8,6949.0,-4047.0,243.0
43.312,2794.012689340289,308.21249984,100.0,False,10930.02498944,8,7079.0,-4001.0,242.0
43.397,2801.285277777777,308.0,100.0,False,10916.0,8,7146.2341782312,-3976.0783422154213,241.56887746191268
43.572,2816.2619696201878,308.0,100.0,False,10874.87498496,8,7283.0,-3923.0,241.0
43.597,2818.3963888888884,308.0,100.0,False,10869.0,8,7302.979195947796,-3915.0838815364777,240.97000036955473
43.792,2834.9807045768243,306.7812496,100.0,False,10890.9375072,8,7457.0,-3853.0,241.0
43.917,2845.596388888888,306.0,100.0,False,10905.0,8,7541.802695991904,-3818.152019742519,240.88713513300166
44.052,2857.074911145214,306.0,100.0,False,10877.9999872,8,7661.0,-3767.0,241.0
44.117,2862.5963888888878,306.0,100.0,False,10865.0,8,7745.298290387174,-3729.901063247615,241.3063190267302
44.252,2874.0403347256606,305.32499968,100.0,False,10827.19998208,8,7925.0,-3650.0,242.0
44.317,2879.5408333333326,305.0,100.0,False,10809.0,8,7974.763888381266,-3627.6859775246376,242.0073672110301
44.552,2899.3868528366047,304.2656248,100.0,False,10800.9218728,8,8048.0,-3593.0,241.0
44.637,2906.563055555555,304.0,100.0,False,10798.0,8,8110.445644921001,-3563.5479088809875,240.86340858664693
44.872,2926.4115109894856,304.0,100.0,False,10768.624992,8,8337.0,-3457.0,241.0
44.917,2930.2074999999995,304.0,100.0,False,10763.0,8,8366.662260226254,-3442.9438352210655,240.9992421896073
45.112,2946.6264788795656,303.1874997333333,100.0,False,10758.937498666666,8,8474.0,-3391.0,241.0
45.157,2950.407499999999,303.0,100.0,False,10758.0,8,8512.048754939022,-3372.3094461144688,241.07257025382472
45.357,2967.1852777777767,302.0,100.0,False,10723.0,8,8744.519059907643,-3257.4097954350596,241.72669565015048
45.472,2976.8397634234934,301.0376566258995,100.0,False,10726.849373496401,8,8849.0,-3205.0,242.0
45.596,2987.1019444444432,300.0,100.0,True,10731.0,8,8908.96224384876,-3173.755855924738,242.07870871898493
45.753,2999.4585348065766,283.3187568,1.8750399999999985,True,10003.8940464,8,8962.0,-3144.0,242.0
45.756,2999.6797222222212,283.0,0.0,True,9990.0,8,8963.496395578555,-3143.1717396339623,241.99844101885253
45.973,3013.892284567707,246.9335222486023,0.0,True,8832.867172142656,8,9103.0,-3066.0,242.0
46.117,3022.0416666666656,223.0,0.0,True,8065.0,8,9182.627397235141,-3019.96035422542,242.42482744302208
46.293,3031.150301136043,204.2,0.0,True,8150.2,8,9264.0,-2970.0,243.0
46.553,3043.3702278459677,176.42727272727274,0.0,True,8276.063636363637,8,9379.0,-2893.0,243.0
46.557,3043.552777777777,176.0,0.0,True,8278.0,8,9380.788652951253,-2891.6933526265298,242.99939134057183
46.753,3052.27960871743,162.11666666666667,0.0,True,8534.433333333332,8,9465.0,-2826.0,243.0
46.797,3054.152777777777,159.0,0.0,True,8592.0,8,9479.989154225375,-2813.2643480756656,242.97447366839597
46.997,3062.152777777777,144.0,0.0,True,8533.0,7,9528.292891328196,-2767.0532670580665,242.9039946272531
47.033,3063.4798947802874,141.5,0.0,True,8534.7,7,9535.0,-2760.0,243.0
47.233,3070.2071083551555,127.61111111111111,0.0,True,8544.144444444444,7,9567.0,-2723.0,244.0
47.357,3074.052777777777,119.0,0.0,True,8550.0,4,9590.142477976167,-2693.2314889978106,244.19049990961878
47.553,3079.8075077228527,110.83333333333333,0.0,True,8065.988888888889,4,9627.0,-2639.0,244.0
47.713,3084.3400684793564,104.16666666666667,0.0,True,7670.877777777778,4,9648.0,-2597.0,244.0
47.717,3084.452777777777,104.0,0.0,True,7661.0,3,9648.45981704036,-2595.988328665358,244.00024356237392
47.873,3088.824927778099,101.77142857142857,0.0,True,7380.757142857143,3,9664.0,-2555.0,244.0
47.997,3092.230555555555,100.0,0.0,True,7158.0,3,9671.248279022708,-2509.9373628421463,244.00841449505714
48.193,3097.4324060408053,97.32727272727273,0.0,True,7047.081818181819,3,9674.0,-2439.0,244.0
48.437,3103.719444444444,94.0,0.0,False,6909.0,3,9664.770451208926,-2407.6753947366283,243.9282369951791
48.492,3105.1300418421324,93.6562496,0.0,False,6896.7968608,3,9660.0,-2400.0,244.0
48.757,3111.897222222222,92.0,0.0,False,6838.0,3,9622.913329563864,-2339.9409854241344,244.87658248026867
48.832,3113.8052775227543,92.0,8.303578514285714,False,6941.928660114286,3,9611.0,-2324.0,245.0
48.932,3116.3476271109284,92.0,19.375007085714287,False,7080.500088685714,3,9594.0,-2305.0,245.0
49.037,3119.0527777777775,92.0,31.0,False,7226.0,3,9567.004239777576,-2278.052204077362,244.98909221465755
49.232,3124.202868664898,94.4375008,38.3125024,False,7582.36261696,3,9511.0,-2225.0,245.0
49.437,3129.8305555555553,97.0,46.0,False,7957.0,3,9489.632790115704,-2206.472069313179,245.00090092421476
49.532,3132.526039321872,99.0781264,47.1875008,False,8014.890664,3,9479.0,-2198.0,245.0
49.757,3139.075,104.0,50.0,False,8152.0,3,9431.109718540254,-2158.7381579381813,244.99948748922554
49.852,3141.8719808520273,105.7812512,56.5312544,False,8191.7812768,3,9408.0,-2140.0,245.0
49.917,3143.8305555555553,107.0,61.0,False,8219.0,3,9392.59057307566,-2127.674273204439,245.0006092407969
50.052,3148.082321910659,109.4945664,52.0489088,False,8330.6685312,3,9361.0,-2102.0,245.0
50.837,3175.519444444444,124.0,0.0,True,8980.0,3,9178.964150515421,-1897.4268909493976,244.96763740943197
50.912,3178.012924245526,121.74999808,0.0,True,8908.37493888,3,9167.0,-1875.0,245.0
51.037,3182.0749999999994,118.0,0.0,True,8789.0,3,9150.130303448022,-1837.2031975369848,245.04314763774778
51.072,3183.190321864626,117.2343736,0.0,True,8717.4686192,3,9146.0,-1827.0,245.0
51.332,3191.193729854643,111.5468736,0.0,True,8186.0936192,3,9124.0,-1749.0,244.0
51.357,3191.941666666666,111.0,0.0,True,8135.0,3,9122.98164405062,-1738.7662629904366,243.94848692855294
51.592,3198.8018262484075,106.72727156363636,0.0,True,7743.511257018182,3,9122.0,-1630.0,244.0
51.797,3204.530555555555,103.0,0.0,True,7402.0,3,9127.747337483252,-1581.8800952673173,244.08143184369396
52.012,3210.2796486570473,98.69999872,0.0,True,7124.64991744,3,9139.0,-1552.0,244.0
52.197,3215.0861111111108,95.0,0.0,True,6886.0,3,9154.685483785513,-1508.8216223125141,243.88922940227488
52.232,3215.9873671357204,94.62365531213642,0.0,True,6871.824350090472,3,9160.0,-1497.0,244.0
52.393,3220.10284425653,92.89247360172648,0.0,True,6806.616505665031,3,9193.0,-1432.0,245.0
52.476,3222.216111111111,92.0,0.0,False,6773.0,3,9206.816315222295,-1407.2461842652683,245.21292554061523
52.797,3230.4194444444443,92.0,27.0,False,7003.0,3,9238.640895863387,-1368.289879284439,244.09322393232245
52.833,3231.3574926621986,92.4,27.9,False,7060.8,3,9243.0,-1364.0,244.0
53.157,3240.019444444444,96.0,36.0,False,7581.0,3,9295.254793848964,-1314.4732353259812,243.9311995868245
53.233,3242.1097928466525,97.1875,38.1375,False,7677.1875,3,9309.0,-1303.0,244.0
53.413,3247.1589138547956,100.0,43.2,False,7905.0,3,9349.0,-1276.0,244.0
53.477,3248.997222222222,101.0,45.0,False,7986.0,3,9374.113261858454,-1263.3199079939902,243.70441241089054
53.593,3252.392218072609,104.625,47.9,False,8052.7,3,9425.0,-1240.0,243.0
53.637,3253.708333333333,106.0,49.0,False,8078.0,3,9439.898878755881,-1233.5378585260573,242.83564970968652
53.993,3264.976386707938,113.91111111111111,66.8,False,9108.422222222222,3,9508.0,-1216.0,243.0
53.997,3265.108333333333,114.0,67.0,False,9120.0,3,9509.083939643608,-1215.8369625050022,243.00189527498185
54.157,3270.486111111111,121.0,71.0,False,9644.0,3,9561.440513232339,-1208.5995918523254,243.00211281285658
54.173,3271.0370929750766,121.53333333333333,71.93333333333334,False,9704.0,3,9567.0,-1208.0,243.0
54.333,3276.7033016792657,126.86666666666667,81.26666666666667,False,10304.0,3,9623.0,-1204.0,243.0
54.397,3279.0861111111108,129.0,85.0,False,10544.0,3,9646.0798624688,-1203.09143033207,243.02775949269153
54.533,3284.40568567929,137.5,85.0,False,10789.933333333332,3,9697.0,-1202.0,243.0
54.637,3288.6861111111107,144.0,85.0,False,10978.0,3,9738.126528165354,-1201.5103366506241,242.67859279904178
54.813,3296.3138211989217,150.8,90.6,False,10920.8,3,9811.0,-1201.0,242.0
55.032,3306.291465982617,159.26136610909091,97.56818385454545,False,10849.6249792,3,9905.0,-1199.0,242.0
55.077,3308.363888888888,161.0,99.0,False,10835.0,3,9925.032853852355,-1197.6631424512716,242.00865952109575
55.212,3314.6211556864173,166.0625024,82.9687424,False,10572.5936256,3,9986.0,-1191.0,242.0
55.237,3315.7861111111106,167.0,80.0,False,10524.0,3,9997.213146870341,-1189.2496844493537,241.99858450976643
55.392,3323.050438188868,168.1071433142857,68.92856685714285,False,10618.660753371429,3,10066.0,-1174.0,242.0
55.517,3328.930555555555,169.0,60.0,True,10695.0,4,10120.692944164246,-1154.3204642149904,242.01963361328512
55.652,3335.2759413234203,169.0,50.549995519999996,True,10683.52499456,4,10178.0,-1127.0,242.0
55.717,3338.319444444444,169.0,46.0,True,10678.0,4,10204.541157299462,-1112.2491318775296,241.9514162902428
55.877,3345.7416666666663,167.0,3.0,True,10634.0,4,10266.393110660169,-1071.6416896902879,241.90871057865724
55.912,3347.338752747197,165.906248,2.6718744,True,10490.4997376,4,10279.0,-1062.0,242.0
56.072,3354.4870123772052,160.906248,1.1718744,True,9834.4997376,4,10332.0,-1015.0,243.0
56.197,3359.697222222222,157.0,0.0,True,9322.0,4,10367.589172989903,-976.722807601793,244.57725602714874
56.332,3364.8461540637504,144.94642285714286,0.0,True,9172.053500342858,4,10408.0,-924.0,247.0
56.477,3369.9638888888885,132.0,0.0,True,9011.0,4,10460.928377562524,-845.3884781494295,250.23262306823995
56.512,3371.158486339628,130.2499968,0.0,True,8939.124868571429,4,10472.0,-828.0,251.0
56.757,3379.1416666666664,118.0,0.0,True,8436.0,3,10513.576530479937,-750.8718466746362,255.6245098958209
56.972,3385.749780616215,110.8333312,0.0,True,8032.87488,3,10527.0,-711.0,259.0
56.997,3386.475,110.0,0.0,True,7986.0,3,10528.713214636213,-706.0813815959692,259.37237259544537
57.252,3393.324083565874,98.8437472,0.0,True,7245.7029392,3,10547.0,-651.0,263.0
57.317,3395.008333333333,96.0,0.0,True,7057.0,3,10551.29933580922,-634.601481616173,263.91619422147346
57.492,3399.5251771035937,93.49999908571428,0.0,True,6742.624885028571,3,10561.0,-588.0,266.0
57.597,3402.163888888889,92.0,0.0,True,6554.0,3,10564.540248345527,-561.7851057360331,266.5099536791585
57.692,3404.4787292409333,89.031248,0.0,True,6399.0311456,3,10566.0,-539.0,267.0
57.757,3406.0305555555556,87.0,0.0,True,6293.0,3,10565.942385382896,-523.708055551937,267.6195495016845
57.957,3410.697222222222,84.0,0.0,False,6545.0,3,10558.905371933974,-479.44269969996793,270.42304283212445
58.012,3411.9741504879094,84.0,3.4375039999999997,False,6572.08753152,3,10554.0,-469.0,271.0
58.172,3415.6907288029292,84.0,13.437503999999999,False,6650.88753152,3,10532.0,-443.0,272.0
58.357,3420.0305555555556,84.0,25.0,False,6742.0,3,10495.290582966292,-417.3531771490358,272.65677536084365
58.432,3421.8103590430896,84.9375008,30.937505066666667,False,6727.937488,3,10479.0,-409.0,273.0
58.597,3425.8305555555557,87.0,44.0,False,6697.0,3,10441.831954966,-392.0484351421752,273.95038985558523
58.632,3426.7194824052103,88.3125024,45.9687536,False,6772.2501376,3,10433.0,-385.0,274.0
58.757,3429.963888888889,93.0,53.0,False,7041.0,3,10398.21617429511,-345.34654257604063,273.49276995318576
58.833,3431.9338921817694,93.0,32.75880047958175,False,6880.598041536308,3,10382.0,-322.0,273.0
58.956,3435.1047222222223,93.0,0.0,False,6621.0,3,10372.059834357806,-298.84565790171473,272.29080521696847
59.133,3439.629115694185,92.26556023649732,0.0,False,6884.663875097461,3,10378.0,-275.0,271.0
59.197,3441.263611111111,92.0,0.0,False,6980.0,3,10380.229946805839,-260.5951801371273,270.2777284561171
59.373,3445.7734665416374,92.62857142857143,26.4,False,7404.285714285715,3,10387.0,-212.0,268.0
59.477,3448.496944444444,93.0,42.0,False,7655.0,3,10392.52054734955,-186.20485445767324,266.9622698472301
59.573,3451.071663194544,95.4,43.44,False,7590.68,3,10398.0,-164.0,266.0
59.677,3453.9413888888885,98.0,45.0,False,7521.0,3,10403.653831160054,-140.7190933667938,264.7083239062334
59.893,3460.22116924161,103.4,49.2,False,7924.2,3,10420.0,-77.0,262.0
60.037,3464.6413888888883,107.0,52.0,False,8193.0,3,10439.803556612414,-5.741386639293724,261.07778828478894
60.053,3465.143845620219,107.51428571428572,52.74285714285714,False,8222.714285714286,3,10442.0,2.0,261.0
60.317,3473.6636111111106,116.0,65.0,False,8713.0,3,10472.336930323305,103.88617599974431,260.1522666033345
60.477,3478.7747222222215,115.0,35.0,True,8589.0,3,10488.661683038563,151.69141861690832,259.9950219345548
60.553,3481.0509924113276,111.96,28.35,True,8283.29,3,10497.0,174.0,260.0
60.713,3485.473868186254,105.56,14.350000000000001,True,7639.69,3,10515.0,219.0,260.0
60.877,3489.7747222222215,99.0,0.0,True,6980.0,3,10530.292220268413,259.2771432605095,259.1284679692202
60.913,3490.704537940434,97.56,0.0,True,6876.68,3,10534.0,271.0,259.0
61.077,3494.830277777777,91.0,0.0,True,6406.0,3,10552.59260460433,338.44680371069217,258.99769285982455
61.093,3495.215902554967,90.3,0.0,True,6378.0,3,10554.0,344.0,259.0
61.237,3498.5636111111107,84.0,0.0,True,6126.0,3,10561.230039618302,376.88281868458796,258.84985419388994
61.473,3503.8125441202487,80.72222222222223,0.0,True,5817.233333333334,3,10559.0,402.0,259.0
61.597,3506.463611111111,79.0,0.0,False,5655.0,3,10555.608636281031,426.81972679112874,259.8897567679561
61.632,3507.1983770764364,78.453124,0.0,False,5636.2968408,3,10554.0,434.0,260.0
61.832,3511.300752129371,75.328124,0.0,False,5529.4218408,3,10538.0,471.0,259.0
61.917,3513.041388888889,74.0,0.0,False,5484.0,3,10528.294055638898,485.45531646929703,258.63743592451794
62.077,3516.3302777777776,74.0,0.0,False,5437.0,3,10506.172759504714,510.64754322676885,258.29635152364955
62.152,3517.8459993852866,73.37499946666667,0.0,False,5446.375008,3,10495.0,521.0,258.0
62.312,3521.030960920158,72.04166613333334,0.0,False,5466.375008,3,10468.0,541.0,257.0
62.317,3521.130277777778,72.0,0.0,False,5467.0,3,10466.943295504017,541.6765251991377,256.9653962710821
62.612,3527.003470941401,72.6704546909091,18.102276654545452,False,5782.113704727273,3,10393.0,583.0,255.0
62.757,3530.0525,73.0,27.0,False,5937.0,3,10377.266664648629,590.4644608237296,254.46126909050804
62.872,3532.5920701965224,78.0312528,32.0312528,False,6098.0000896,3,10366.0,595.0,254.0
62.917,3533.6080555555554,80.0,34.0,False,6161.0,3,10359.473363846213,597.7115107884644,253.75555478881756
63.117,3538.274722222222,84.0,42.0,False,6612.0,3,10315.38944300315,614.6201523938782,252.16258906319428
63.132,3538.639550847642,84.3750016,42.468752,False,6652.4064224,3,10311.0,616.0,252.0
63.372,3544.7558722147073,90.3750016,49.968752,False,7298.9064224,3,10232.0,637.0,249.0
63.437,3546.4525,92.0,52.0,False,7474.0,3,10217.381981123932,640.7611806248046,248.42987762594973
63.637,3551.7858333333334,96.0,55.0,False,7666.0,3,10194.862598529064,646.3612458452324,247.52309428289823
63.792,3556.3092850610838,102.458336,61.88889173333333,False,8186.972437333334,3,10147.0,652.0,246.0
63.972,3562.048069511684,109.958336,69.88889173333334,False,8791.972437333334,3,10048.0,662.0,243.0
63.997,3562.8858333333333,111.0,71.0,False,8876.0,3,10037.454537203896,662.9732398599402,242.69158788118236
64.237,3571.4191666666666,128.0,79.0,False,9558.0,3,9992.637658458581,665.3809929961722,241.56855394708487
64.332,3575.0238109710353,133.70000384,88.97500672,False,10223.000448,3,9971.0,666.0,241.0
64.437,3579.1969444444444,140.0,100.0,False,10958.0,3,9933.746062420787,667.5146124137661,239.94058175177722
64.532,3583.186472908683,145.76786102857142,100.0,False,11143.928696685714,3,9894.0,669.0,239.0
64.717,3591.4080555555556,157.0,100.0,False,11506.0,3,9816.101420163188,670.8538628387385,238.06460618404765
64.732,3592.089537405621,157.7500032,100.0,False,11442.84973056,3,9810.0,671.0,238.0
64.917,3600.6858333333334,167.0,100.0,False,10664.0,3,9737.452917342102,673.088835354301,237.1406746411288
65.032,3606.252572201111,171.79166933333335,100.0,False,10813.5000832,3,9674.0,675.0,237.0
65.157,3612.485833333333,177.0,100.0,False,10976.0,4,9576.31000496061,677.8178343922705,237.4679347527191
65.252,3617.335201256219,181.27500288,100.0,False,11342.22524672,4,9500.0,680.0,238.0
65.357,3622.8191666666667,186.0,100.0,False,11747.0,4,9427.939479246637,682.0723658510424,238.56043151462305
65.676,3640.275555555556,197.0,100.0,False,11970.0,4,9272.89296848217,686.5725704962044,239.9127107502797
65.713,3642.351651727968,198.60869350904588,100.0,False,11762.248723974648,4,9258.0,687.0,240.0
65.837,3649.3988888888894,204.0,100.0,False,11066.0,5,9211.646464873567,688.3180832456746,240.1743679005757
66.113,3665.8361746506216,212.28,100.0,False,11411.69,5,9063.0,693.0,241.0
66.237,3673.398888888889,216.0,100.0,False,11567.0,5,8930.398905246744,697.5440484213143,242.32961231889965
66.313,3678.0568149097116,218.28,100.0,False,11669.22,5,8857.0,700.0,243.0
66.437,3685.7322222222224,222.0,100.0,False,11836.0,5,8783.073448918887,702.2059954470932,243.3407763290224
66.637,3698.3988888888894,228.0,100.0,False,11545.0,5,8732.24356516882,703.1990792695324,242.87261209429687
66.693,3701.9574119390736,228.56,100.0,False,11242.6,5,8707.0,704.0,243.0
66.837,3711.176666666667,230.0,100.0,False,10465.0,5,8616.237926795435,707.2023888339216,243.8444774483386
66.873,3713.5256386201313,231.28571428571428,100.0,False,10531.985714285714,5,8592.0,708.0,244.0
67.093,3728.2224938759205,239.14285714285714,100.0,False,10941.342857142858,5,8448.0,712.0,244.0
67.117,3729.843333333334,240.0,100.0,False,10986.0,6,8432.121333222414,712.4421264176831,243.99035945243162
67.253,3739.07171210016,243.4,100.0,False,11151.24,6,8341.0,715.0,244.0
67.317,3743.4544444444446,245.0,100.0,False,11229.0,6,8297.899602916037,716.1004283534503,244.00294442236003
67.433,3751.4783196964836,247.175,100.0,False,11320.7125,6,8219.0,718.0,244.0
67.613,3764.080005465685,250.55,100.0,False,11463.025,6,8095.0,721.0,244.0
67.637,3765.765555555556,251.0,100.0,False,11482.0,6,8079.311172978045,721.3461904609135,244.0001068165472
67.837,3779.8766666666675,254.0,100.0,False,11652.0,6,7956.682026326049,723.6447385695063,244.0006559569915
67.973,3789.604363332534,256.26666666666665,100.0,False,11753.244444444445,6,7842.0,726.0,244.0
68.172,3804.0460296068827,259.5833344,100.0,False,11901.388936533333,6,7626.0,731.0,244.0
68.197,3805.8766666666675,260.0,100.0,False,11920.0,6,7606.427730125844,731.4605341925251,244.00117254548988
68.437,3823.6100000000006,266.0,100.0,False,10823.0,7,7501.96716451804,733.8358989473104,244.00381825258
68.452,3824.7242278129174,266.1406256,100.0,False,10821.359368,7,7494.0,734.0,244.0
68.652,3839.6324071195613,268.0156256,100.0,False,10799.484368,7,7346.0,737.0,244.0
68.757,3847.521111111112,269.0,100.0,False,10788.0,7,7244.028081401122,739.1995688784905,244.25309712327478
68.972,3863.8357938558543,272.359376,100.0,False,10915.656288,7,7030.0,744.0,245.0
69.077,3871.876666666667,274.0,100.0,False,10978.0,7,6955.820228963298,745.6792692528802,245.13871223121555
69.317,3890.41,278.0,100.0,False,11098.0,7,6834.204439321213,748.3342032416173,245.02251177946795
69.372,3894.675238392944,278.4583338666667,100.0,False,11122.979195733333,7,6800.0,749.0,245.0
69.557,3909.0766666666673,280.0,100.0,False,11207.0,7,6658.368636453538,751.7122196195176,244.99387819034843
69.572,3910.2499674451074,280.1875008,100.0,False,11213.062525866666,7,6645.0,752.0,245.0
69.797,3927.9433333333336,283.0,100.0,False,11304.0,7,6424.548560077942,757.305158249799,245.0748689248342
69.832,3930.7066200252943,283.35000064,100.0,False,11315.90002176,7,6395.0,758.0,245.0
69.997,3943.776666666667,285.0,100.0,False,11372.0,7,6288.128781778306,760.2430939699269,244.18307908677747
70.132,3954.5467057320548,286.6875008,100.0,False,11467.062545066667,7,6204.0,762.0,244.0
70.237,3962.9766666666665,288.0,100.0,False,11541.0,7,6121.930243220213,763.9263555887168,244.67570805485278
70.292,3967.4120260865407,288.55000064,100.0,False,11556.95001856,7,6077.0,765.0,245.0
70.532,3986.8971661358573,290.95000064,100.0,False,11626.55001856,7,5884.0,770.0,245.0
70.637,3995.4211111111113,292.0,100.0,False,11657.0,7,5799.132228266992,773.0845422705327,244.9805500766398
70.732,4003.1182549335927,292.0,100.0,False,11538.72492032,7,5722.0,776.0,245.0
70.837,4011.643333333334,292.0,100.0,False,11408.0,7,5636.537292741661,778.9035881659595,245.0061178258813
70.992,4024.3311702615433,294.32500096,100.0,False,10533.02463872,7,5510.0,783.0,245.0
71.037,4028.032222222223,295.0,100.0,False,10279.0,7,5473.187322077648,784.2728022721562,244.9991284375444
71.292,4049.1218402445097,297.3906256,100.0,False,10462.281296,7,5264.0,792.0,245.0
71.357,4054.521111111111,298.0,100.0,False,10509.0,8,5210.552660644091,793.9862321710435,245.00011905492215
71.492,4065.75954013065,298.96428617142857,100.0,False,10550.946448457144,8,5099.0,798.0,245.0
71.637,4077.8544444444447,300.0,100.0,False,10596.0,8,4977.865080532314,801.9899598779507,244.999995905423
71.672,4080.775496653037,300.1250002285714,100.0,False,10609.750025142857,8,4949.0,803.0,245.0
71.832,4094.1406253882665,300.6964288,100.0,False,10672.607168,8,4816.0,808.0,245.0
71.917,4101.265555555556,301.0,100.0,False,10706.0,8,4735.696270579183,810.7130237547678,244.99999966760026
71.993,4107.655084495505,301.76,100.0,False,10719.3,8,4665.0,813.0,245.0
72.117,4118.09888888889,303.0,100.0,False,10741.0,8,4564.564495374128,816.2746032364297,244.99999999523826
72.173,4122.811729299387,303.0,100.0,False,10741.0,8,4514.0,818.0,245.0
72.278,4131.649722222223,303.0,100.0,False,10741.0,8,4398.8467368538995,822.0940647983616,245.00000025684267
72.437,4145.07638888889,304.0,96.0,False,10811.0,8,4198.7303309085,829.4124025166049,245.00000064882602
72.513,4151.526699889707,304.76,96.76,False,10827.34,8,4126.0,832.0,245.0
72.637,4162.07638888889,306.0,98.0,False,10854.0,8,4047.027886588708,834.6357740237255,244.99999758587785
72.917,4185.87638888889,306.0,100.0,False,10914.0,8,3920.744047410459,838.5650916099444,244.99999591221678
72.973,4190.645945847463,306.23333333333335,100.0,False,10924.266666666666,8,3855.0,841.0,245.0
73.133,4204.294450759619,306.9,100.0,False,10953.6,8,3616.0,850.0,245.0
73.157,4206.343055555556,307.0,100.0,False,10958.0,8,3590.4285617320793,850.9118044836308,244.99998978489788
73.413,4228.214318829173,307.64,100.0,False,10979.12,8,3480.0,854.0,245.0
73.557,4240.565277777779,308.0,100.0,False,10991.0,8,3367.502742216155,858.4086704858048,245.0006310406264
73.653,4248.827421012091,309.2,100.0,False,10997.0,8,3274.0,862.0,245.0
73.717,4254.343055555556,310.0,100.0,False,11001.0,8,3209.1531830767703,864.3198268580733,244.99867458441534
73.973,4276.439785064193,310.7111111111111,100.0,False,11052.2,8,2943.0,873.0,245.0
74.077,4285.443055555556,311.0,100.0,False,11073.0,8,2843.2341248716098,876.2490674623336,245.01548017310358
74.872,4354.783391812775,313.98125024,100.0,False,11173.36875808,8,2197.0,899.0,245.0
74.877,4355.220833333334,314.0,100.0,False,11174.0,8,2192.744458320032,899.165152369153,244.99435444779
75.092,4374.034245565972,314.8958336,100.0,False,11203.5625088,8,2005.0,906.0,245.0
75.117,4376.220833333335,315.0,100.0,False,11207.0,8,1982.8396206921657,906.5848763051191,245.12006574062238
75.252,4388.028957144438,315.0,100.0,False,11207.0,8,1864.0,909.0,246.0
75.277,4390.220833333335,315.0,100.0,False,11207.0,8,1842.7156233611825,909.4038610801263,246.09108169205246
75.492,4409.1513302155645,316.7916672,100.0,False,11237.4583424,8,1654.0,913.0,246.0
75.517,4411.354166666668,317.0,100.0,False,11241.0,8,1627.5701763580419,913.5190105371885,245.9834098553551
75.752,4432.038550878962,317.0,100.0,False,11259.21250496,8,1355.0,919.0,246.0
75.917,4446.5763888888905,317.0,100.0,False,11272.0,8,1218.1299519478246,921.8250686648421,246.01232737131022
76.157,4467.77638888889,318.0,100.0,False,11289.0,8,1065.33957456483,924.6123230188834,246.00079642536338
76.192,4470.868468469781,318.0,100.0,False,11287.9791648,8,1038.0,925.0,246.0
76.397,4488.976388888891,318.0,100.0,False,11282.0,8,856.9196395093127,927.6828846225536,245.99996695481548
76.412,4490.301657390387,318.0,100.0,False,11282.90000384,8,844.0,928.0,246.0
76.492,4497.370723538137,318.0,100.0,False,11287.70000384,8,773.0,930.0,246.0
76.597,4506.643055555557,318.0,100.0,False,11294.0,8,634.653448132401,932.7979704572805,245.99998161782267
76.732,4518.541826847574,317.6249998222222,100.0,False,11290.999998577778,8,438.0,936.0,246.0
76.957,4538.343055555557,317.0,100.0,False,11286.0,8,271.16851926484287,938.7342813087431,246.00000654844573
77.192,4559.036006407058,317.0,100.0,False,11246.833322666667,8,156.0,941.0,246.0
77.197,4559.476388888891,317.0,100.0,False,11246.0,8,152.37666422291466,941.0752313433218,245.99999994593009
77.357,4573.56527777778,317.0,100.0,False,11225.0,8,14.01941221488072,943.9837118922005,245.99999984844405
77.412,4578.400756880387,316.8035712,100.0,False,11219.6964224,8,-36.0,945.0,246.0
77.637,4598.143055555557,316.0,100.0,False,11198.0,8,-233.6927512291786,948.7492568446193,246.00000002081916
77.652,4599.458161124907,315.96249984,100.0,False,11197.062496,8,-247.0,949.0,246.0
77.772,4609.975504722849,315.66249984,100.0,False,11189.562496,8,-353.0,951.0,246.0
78.032,4632.7073276105975,315.01249984,100.0,False,11173.312496,8,-580.0,956.0,246.0
78.037,4633.143055555558,315.0,100.0,False,11173.0,8,-586.1662778110021,956.1893106921344,245.99999974932973
78.232,4650.092782026269,314.1136360727273,100.0,False,11153.056811636363,8,-860.0,966.0,246.0
78.477,4671.3986111111135,313.0,100.0,False,11128.0,8,-1018.7344044897246,976.3186783646197,246.00011346207953
78.573,4679.7983499297725,313.48,100.0,False,11107.84,8,-1079.0,982.0,246.0
78.677,4688.843055555558,314.0,100.0,False,11086.0,8,-1167.7991425430632,990.1535064948213,245.999751156206
78.733,4693.648697584934,312.60498188867916,94.81850415795112,False,10969.4163435539,8,-1219.0,995.0,246.0
78.958,4712.806111111113,307.0,74.0,True,10501.0,8,-1417.2898629447714,1015.7394107781939,246.00524270629842
79.113,4726.401091706107,307.0,32.888881344486,True,10051.55547307688,8,-1542.0,1029.0,246.0
79.237,4736.598611111112,307.0,0.0,True,9692.0,8,-1632.8904457611004,1038.0767570505511,245.98849465921683
79.293,4740.776492793288,288.45,0.0,True,9413.4,8,-1673.0,1042.0,246.0
79.397,4747.887500000002,254.0,0.0,True,8896.0,8,-1747.4170520620285,1049.2491760957316,246.0560200271824
79.453,4751.414553033685,244.725,0.0,True,8792.75,8,-1786.0,1053.0,246.0
79.693,4764.543486956891,204.975,0.0,True,8350.25,8,-1934.0,1067.0,245.0
79.717,4765.7541666666675,201.0,0.0,True,8306.0,8,-1947.7658321238414,1068.1727347096955,244.9510861627084
79.913,4775.100338468437,181.94444444444446,0.0,True,8058.277777777777,8,-2053.0,1076.0,245.0
80.077,4782.354166666668,166.0,0.0,True,7851.0,7,-2129.503279795962,1079.7188694243305,245.0030658977261
80.113,4783.8956471740385,162.4,0.0,True,8048.325,7,-2148.0,1080.0,245.0
80.237,4789.020833333335,150.0,0.0,True,8728.0,7,-2219.9528260689603,1079.2767385202046,244.99857666966946
80.313,4791.957758544947,143.54,0.0,True,8991.34,7,-2259.0,1078.0,245.0
80.437,4796.4097222222235,133.0,0.0,True,9421.0,6,-2301.2919274128453,1075.093043597073,245.00061644447695
80.593,4801.432621705336,121.85714285714286,0.0,True,8871.657142857142,6,-2339.0,1070.0,245.0
80.717,4805.198611111113,113.0,0.0,True,8435.0,3,-2377.8828270757604,1064.815743095599,244.99995328424606
80.793,4807.491322805932,110.15,0.0,True,8245.475,3,-2402.0,1061.0,245.0
80.877,4809.954166666668,107.0,0.0,True,8036.0,3,-2426.625039632754,1056.1315257790488,245.0000408003757
81.033,4814.153662143639,100.175,0.0,True,7911.2,3,-2468.0,1045.0,245.0
81.197,4818.220833333335,93.0,0.0,True,7780.0,2,-2508.1739920009877,1029.7694748389717,244.9996174243423
81.332,4821.444594514105,89.24999822222222,0.0,True,7435.7498368,2,-2538.0,1014.0,245.0
81.557,4826.520833333335,83.0,0.0,True,6862.0,2,-2579.6311084904246,981.2903233262731,245.0005698384408
81.572,4826.843088669985,82.2499968,0.0,True,6816.8123072,2,-2582.0,979.0,245.0
81.717,4829.854166666668,75.0,0.0,True,6380.0,2,-2602.248825630459,956.23651150375,244.99249605650087
81.772,4830.948354636199,73.6249984,0.0,True,6286.77489152,2,-2609.0,946.0,245.0
81.917,4833.743055555557,70.0,0.0,True,6041.0,2,-2624.636774849028,913.1696947030127,245.04347074338688
81.972,4834.791856162134,69.3124992,0.0,True,5918.968608,2,-2629.0,900.0,245.0
82.077,4836.7652777777785,68.0,0.0,True,5686.0,2,-2634.2620685820925,875.112353444189,244.76340521251007
82.312,4840.954279020784,64.64285622857143,0.0,True,5569.339253942857,2,-2636.0,827.0,244.0
82.357,4841.743055555557,64.0,0.0,False,5547.0,2,-2635.8887043912487,820.5802048942281,243.94124427949396
82.557,4845.243055555557,63.0,0.0,False,5459.0,2,-2633.881168467601,800.753192771,243.99235960433882
82.632,4846.554355160054,63.0,3.2812528,False,5601.5001216,2,-2632.0,792.0,244.0
82.717,4848.043055555557,63.0,7.0,False,5763.0,2,-2628.996666605585,779.9200139724805,243.9640259393991
82.932,4851.845477450951,63.76785737142857,13.910716342857143,False,5889.696466285714,2,-2616.0,741.0,244.0
82.997,4853.020833333335,64.0,16.0,False,5928.0,2,-2609.951402669272,727.7558171319228,244.2058490219021
83.192,4856.643722072774,66.4375008,23.3125024,False,6178.4532072,2,-2589.0,689.0,245.0
83.317,4859.06527777778,68.0,28.0,False,6339.0,2,-2578.032782797328,671.7265191630255,245.05285531559412
83.492,4862.607562256401,71.75000137142857,34.87500251428571,False,6636.5001088,2,-2562.0,651.0,245.0
83.597,4864.820833333335,74.0,39.0,False,6815.0,2,-2548.6383104086035,635.0333867210165,245.30626344265937
83.752,4868.219047284958,78.843752,39.0,False,7221.875168,2,-2526.0,610.0,246.0
83.757,4868.331944444446,79.0,39.0,False,7235.0,2,-2525.2729166302834,609.2566945851434,246.02101057292978
83.957,4873.054166666668,85.0,47.0,False,7758.0,2,-2491.7506028010157,579.0482642148664,246.90599405270018
83.972,4873.4285017949205,85.53571657142857,47.48214491428571,False,7809.7502208,2,-2488.0,576.0,247.0
84.232,4880.307151744129,94.82143085714286,55.83928777142857,False,8706.7502208,2,-2407.0,513.0,249.0
84.237,4880.443055555556,95.0,56.0,False,8724.0,2,-2406.001765758282,512.2210815408652,249.02484415933276
84.397,4884.887500000001,100.0,62.0,False,9045.0,2,-2393.272853500213,501.7694539087794,249.35542334188278
84.652,4892.905436906176,110.62500266666666,67.66666808888888,False,9940.333558044444,2,-2385.0,498.0,249.0
84.757,4896.387500000001,115.0,70.0,False,10309.0,2,-2356.3404208801544,480.5671665540506,248.99877506739975
84.772,4896.888319531568,115.50000213333334,70.5625024,False,10406.937917866666,2,-2352.0,478.0,249.0
84.952,4902.997441427896,121.50000213333334,77.3125024,False,11582.187917866666,2,-2301.0,450.0,249.0
84.997,4904.587500000001,123.0,79.0,False,11876.0,2,-2286.661179811897,442.5501059510846,249.00423321130341
85.213,4912.675380134796,133.8,91.34285714285714,False,12018.714285714286,2,-2212.0,403.0,249.0
85.277,4915.243055555557,137.0,95.0,False,12061.0,2,-2192.1113955060246,390.79189090993,248.9516557739839
85.413,4920.982012043725,144.461347824255,96.69576086914887,False,12053.538652175745,2,-2147.0,361.0,249.0
85.678,4932.95388888889,159.0,100.0,False,12039.0,3,-2010.6261520779328,273.90277303486823,250.7871458557334
85.713,4934.5662507932075,160.98113490067527,100.0,False,11823.276421926472,3,-1993.0,263.0,251.0
85.837,4940.37388888889,168.0,100.0,False,11059.0,3,-1936.0872397020212,228.6884470192806,251.53449309826823
86.073,4952.22050795844,176.35833333333335,100.0,False,11452.825,3,-1852.0,180.0,252.0
86.317,4965.040555555556,185.0,100.0,False,11860.0,4,-1794.8395976125264,147.53737011803395,252.5691892830863
86.453,4972.203806679139,189.25,100.0,False,12147.3,4,-1730.0,129.0,253.0
86.477,4973.4850000000015,190.0,100.0,False,12198.0,4,-1713.8286284228116,125.28859296332985,253.08729531594673
86.677,4984.429444444446,197.0,100.0,False,11622.0,4,-1543.6737291236918,92.29105074987181,253.86386437068364
86.733,4987.566673254526,198.96,100.0,False,11438.32,4,-1508.0,86.0,254.0
86.877,4995.762777777779,204.0,100.0,False,10966.0,5,-1461.5309855948917,79.03415189542358,254.098366757627
87.073,5007.184288051554,208.9,100.0,False,11105.0375,5,-1397.0,96.0,254.0
87.197,5014.607222222224,212.0,100.0,False,11193.0,5,-1276.9281782245578,125.84459863711605,254.0574155987034
87.273,5019.2432419992165,214.6125,100.0,False,11355.925,5,-1209.0,143.0,254.0
87.517,5034.429444444446,223.0,100.0,False,11879.0,5,-1127.9646391453668,169.7276808465323,252.8448755013458
87.613,5040.424288041267,224.2,100.0,False,11744.6,5,-1076.0,195.0,252.0
87.757,5049.496111111113,226.0,100.0,False,11543.0,5,-928.3974816932554,265.09160632332845,250.3333844539185
87.873,5056.962321816445,228.9,100.0,False,11313.255555555555,5,-806.0,323.0,249.0
88.117,5072.996111111113,235.0,100.0,False,10830.0,6,-677.0879343677966,384.5124585965285,247.08795397836514
88.357,5088.929444444447,239.0,100.0,False,10944.0,6,-600.5146843647175,421.4163966293165,245.16616734331205
88.372,5089.9343173529105,239.30000128,100.0,False,10959.60006656,6,-593.0,425.0,245.0
88.552,5102.089303194204,242.90000128,100.0,False,11146.80006656,6,-484.0,476.0,243.0
88.557,5102.429444444447,243.0,100.0,False,11152.0,6,-480.8518764102268,477.40274710686384,242.96933491705053
88.757,5116.151666666669,247.0,100.0,False,11315.0,6,-356.215834938357,528.216767839805,242.98209858111085
88.792,5118.579074142248,247.8750016,100.0,False,11345.4063056,6,-334.0,536.0,243.0
88.912,5126.956689340681,250.8750016,100.0,False,11449.6563056,6,-256.0,560.0,243.0
88.917,5127.3072222222245,251.0,100.0,False,11454.0,6,-252.67486716416371,560.8977464763761,243.0152946284654
89.072,5138.22858883895,252.9375008,100.0,False,11536.8281592,6,-147.0,585.0,244.0
89.237,5149.9738888888905,255.0,100.0,False,11625.0,6,-32.183866511518204,605.4430731803865,244.1410107807354
89.352,5158.234268910869,257.30000128,100.0,False,11728.5000576,6,49.0,616.0,244.0
89.437,5164.362777777779,259.0,100.0,False,11805.0,6,109.65609875481536,621.5307319268704,243.9821101804577
89.532,5171.222771591891,259.52777813333336,100.0,False,11500.208128,6,178.0,626.0,244.0
89.692,5182.8093828389,260.4166670222222,100.0,False,10986.874794666666,6,294.0,631.0,244.0
89.797,5190.46277777778,261.0,100.0,False,10650.0,7,370.2843104979272,632.6823600610601,244.00641686852543
89.952,5201.842331022268,262.9375008,100.0,False,10650.77500032,7,483.0,631.0,244.0
90.112,5213.6879195797,264.9375008,100.0,False,10651.57500032,7,599.0,621.0,244.0
90.197,5220.018333333335,266.0,100.0,False,10652.0,7,659.2975786508418,612.5786070740351,244.19540772118665
90.392,5234.638571109495,268.21590981818184,100.0,False,10758.363671272728,7,803.0,583.0,245.0
90.637,5253.1405555555575,271.0,100.0,False,10892.0,7,1019.8854627919967,520.1347039283122,245.86363108820584
90.672,5255.789257915326,271.35000064,100.0,False,10913.70003968,7,1051.0,510.0,246.0
90.837,5268.3072222222245,273.0,100.0,False,11016.0,7,1192.8707684384497,460.2597338606082,246.73565554380775
91.112,5289.3840841651445,275.2916672,100.0,False,11080.1666816,7,1409.0,371.0,248.0
91.317,5305.240555555557,277.0,100.0,False,11128.0,7,1550.4446118762437,300.2709418120537,248.61938719558623
91.552,5323.5391874026345,279.1363642181818,100.0,False,11201.170474472727,7,1687.0,223.0,249.0
91.757,5339.585000000003,281.0,100.0,False,11265.0,7,1779.0738648706902,166.98248276423433,249.06925006661976
91.838,5345.941239812224,281.57651213130526,100.0,False,11297.861191484399,7,1808.5005777796741,147.78523953059081,249.0291560047211
